customer_id,customer_name,email,region,segment,signup_date,churned,lifetime_value
CUST_0001,Sherri Whitaker,jallen@example.net,North,Enterprise,2023-10-28,0,1711.0
CUST_0002,Daniel Curtis,annmoreno@example.org,North,SMB,2024-03-15,1,1303.42
CUST_0003,Nicholas Lee,jbridges@example.net,East,SMB,2023-10-30,0,2451.34
CUST_0004,Kayla Kidd,myerskristina@example.com,South,SMB,2024-04-03,0,587.35
CUST_0005,Mr. Samuel Santos MD,christopherperez@example.net,South,Enterprise,2023-12-13,1,4662.3
CUST_0006,Alice Hunt,cburton@example.com,South,SMB,2025-03-13,0,3681.98
CUST_0007,Christopher Monroe,elizabethbell@example.net,North,SMB,2025-10-19,0,928.21
CUST_0008,Lindsay Huffman,tom82@example.com,North,SMB,2023-09-08,1,1532.35
CUST_0009,Michael Lee,william16@example.com,West,SMB,2023-07-29,1,1359.75
CUST_0010,Heidi Burton,bscott@example.org,North,SMB,2024-11-04,0,893.12
CUST_0011,Shawn Hill,patriciavega@example.org,North,SMB,2024-02-23,0,2189.6
CUST_0012,Rachael Reeves,osborneshannon@example.org,North,SMB,2024-03-04,0,3672.89
CUST_0013,Paul Jensen,christinaanderson@example.org,South,Enterprise,2025-11-13,0,1871.01
CUST_0014,Bruce Baker,llowe@example.org,South,SMB,2023-11-23,0,3848.95
CUST_0015,Robert Wood,kbrewer@example.com,North,Enterprise,2025-05-05,0,1515.01
CUST_0016,Natasha Phillips,charlenediaz@example.org,South,Consumer,2025-11-11,0,4989.64
CUST_0017,Keith Carr,robertssandra@example.net,West,Consumer,2025-08-06,0,3488.63
CUST_0018,Dr. Amber Conley,edwin43@example.net,South,Enterprise,2024-09-07,1,3231.21
CUST_0019,David Jarvis,eadams@example.net,West,SMB,2023-09-27,0,473.51
CUST_0020,Elijah Day,douglas61@example.com,East,Enterprise,2023-11-09,0,862.29
CUST_0021,Lori Jordan,jefffisher@example.net,North,Consumer,2024-07-19,0,695.06
CUST_0022,Ricardo Wilson,kruegercarl@example.org,South,Enterprise,2024-03-09,0,4691.8
CUST_0023,Zachary Wilkins,ygray@example.org,West,Consumer,2026-03-15,1,4772.57
CUST_0024,Christopher Flores,brownlinda@example.com,East,Enterprise,2024-01-19,1,423.31
CUST_0025,Nathan Nelson,guzmanjames@example.org,East,Enterprise,2025-12-20,1,3874.66
CUST_0026,Christopher Berger,carla39@example.org,South,Enterprise,2024-07-11,0,3816.39
CUST_0027,Tiffany Buck,ianderson@example.net,South,Enterprise,2025-08-29,0,1423.25
CUST_0028,Lee Mcbride,laura28@example.net,East,Enterprise,2024-03-08,0,976.96
CUST_0029,Mr. Jose Hall MD,schwartzsummer@example.net,North,Consumer,2024-05-21,1,3848.01
CUST_0030,Nicole Scott,csmith@example.net,North,Enterprise,2025-04-26,0,1753.9
CUST_0031,Lisa Gregory,zhenry@example.com,West,Enterprise,2025-10-12,1,2552.27
CUST_0032,Steven Coleman,cassandracampbell@example.com,North,Enterprise,2024-04-30,1,4192.44
CUST_0033,Norman Sanchez,john34@example.net,East,SMB,2024-07-22,0,2719.5
CUST_0034,Christopher Hernandez,mitchellwilliam@example.net,East,Consumer,2026-04-20,0,2602.82
CUST_0035,Eric Gregory,courtneyellis@example.org,East,Enterprise,2025-08-04,0,2458.09
CUST_0036,Brandon Rivera,fishermichelle@example.net,North,Consumer,2025-12-21,0,3110.39
CUST_0037,Amy Washington,huberlindsey@example.net,West,Enterprise,2026-02-01,0,3948.94
CUST_0038,James Lee,thomas23@example.net,North,SMB,2024-06-12,1,1845.67
CUST_0039,Michael Weber,clarkoscar@example.net,West,Consumer,2024-05-15,0,550.95
CUST_0040,Seth Harris,timothymoore@example.net,North,SMB,2025-05-14,0,964.35
CUST_0041,Carlos Torres,teresa20@example.org,East,SMB,2025-06-16,1,4052.35
CUST_0042,Margaret Roberts,derrickhale@example.org,East,Enterprise,2026-05-09,0,2771.99
CUST_0043,Adam Murray,sturner@example.org,South,Consumer,2023-09-02,0,1326.35
CUST_0044,Kevin Mcdonald,david48@example.com,North,Consumer,2025-07-13,0,189.31
CUST_0045,Omar White,rioscharles@example.net,North,Consumer,2025-06-12,0,4578.01
CUST_0046,Kristen Powers,andersondaniel@example.org,South,Consumer,2024-03-03,1,4041.44
CUST_0047,Anna Bentley,johnmiranda@example.org,East,Enterprise,2024-08-12,1,3987.22
CUST_0048,Tabitha Thomas,icook@example.net,North,Enterprise,2025-12-30,0,523.48
CUST_0049,Kenneth Miller,perezsarah@example.net,South,SMB,2023-11-01,0,410.82
CUST_0050,Michael Gilmore,powellaustin@example.com,North,Enterprise,2024-02-03,0,814.48
CUST_0051,Ann Taylor,cwolfe@example.org,West,Consumer,2024-08-19,0,885.67
CUST_0052,Bryan Trujillo,owillis@example.net,East,Enterprise,2023-09-19,1,4094.57
CUST_0053,Bonnie Joseph,wowen@example.net,West,SMB,2023-08-02,0,2720.57
CUST_0054,Walter Larson,damon57@example.net,East,Consumer,2026-02-04,1,2445.58
CUST_0055,Mr. Daniel Calderon,phelpswilliam@example.org,South,Consumer,2026-02-10,1,4631.1
CUST_0056,Kevin Rich,gjohnson@example.net,East,SMB,2024-01-08,1,3194.69
CUST_0057,Alicia Davis,jmoody@example.com,East,SMB,2025-04-29,1,245.97
CUST_0058,Brian Gill,davisjennifer@example.org,South,Consumer,2023-08-16,1,4282.18
CUST_0059,Crystal Walker,corygarcia@example.org,East,Enterprise,2025-06-23,1,3984.06
CUST_0060,Carl Lane,mariasmith@example.com,North,Enterprise,2025-05-01,0,2218.77
CUST_0061,Ryan Acosta,stacey59@example.com,South,Consumer,2024-04-20,0,4055.65
CUST_0062,Trevor Gray,owennicholas@example.com,South,Consumer,2025-12-14,0,3901.72
CUST_0063,Richard Mclaughlin,ubyrd@example.org,South,Consumer,2023-07-22,0,2072.05
CUST_0064,Richard Hamilton,chad59@example.com,West,Enterprise,2023-10-25,1,920.86
CUST_0065,Crystal Peck,nanderson@example.net,West,Enterprise,2025-03-09,1,3143.27
CUST_0066,Jose Cruz,thompsonchase@example.com,East,Consumer,2025-08-22,0,2468.77
CUST_0067,Richard Carpenter,ahamilton@example.com,South,SMB,2024-02-23,1,2973.14
CUST_0068,Patricia Jackson,lisawilliams@example.org,East,Consumer,2025-09-29,1,3517.04
CUST_0069,Lee Larson,john98@example.net,North,Consumer,2024-10-18,1,4883.07
CUST_0070,Joseph Proctor,lynn10@example.net,South,Enterprise,2026-03-14,0,3748.79
CUST_0071,Brandi Schmitt,zmelendez@example.net,North,Consumer,2024-10-15,0,4189.1
CUST_0072,John Mullen,bvilla@example.com,East,Enterprise,2026-02-06,0,4675.6
CUST_0073,Sarah Pearson,tracyhorton@example.com,West,SMB,2024-03-02,0,3925.75
CUST_0074,Albert Jackson,omaynard@example.org,East,Consumer,2023-10-24,0,2831.54
CUST_0075,Corey Lindsey,vharris@example.net,North,SMB,2024-12-13,1,2343.48
CUST_0076,David Pierce,taylortonya@example.net,South,Consumer,2024-01-14,0,1678.85
CUST_0077,Andrew Barr,jenniferkramer@example.com,East,SMB,2026-03-28,0,1907.47
CUST_0078,Crystal Harris,justin22@example.org,South,Enterprise,2023-12-07,0,4509.86
CUST_0079,Henry Carson,mark40@example.com,West,Consumer,2023-08-29,0,278.26
CUST_0080,Stephanie Cohen,kimberlycooper@example.com,West,Consumer,2026-02-10,0,1021.59
CUST_0081,Lisa Scott,vbenson@example.net,West,SMB,2023-10-01,0,2897.6
CUST_0082,Kyle Gaines,ldavis@example.com,South,Enterprise,2023-08-11,0,183.89
CUST_0083,Rachel Bell,david64@example.org,East,SMB,2025-03-16,0,3356.44
CUST_0084,Jose Francis,gabriella12@example.net,South,SMB,2024-11-06,0,1925.43
CUST_0085,Alyssa Valdez,ogrant@example.com,South,Enterprise,2023-07-03,0,1759.76
CUST_0086,Janet Schneider,danielle83@example.net,East,SMB,2024-01-19,0,3773.69
CUST_0087,Jennifer Macdonald,vegascott@example.com,West,SMB,2024-01-18,1,136.45
CUST_0088,Anthony Brown,pamelatorres@example.org,West,Consumer,2025-09-07,0,1644.33
CUST_0089,Michael Walker,james10@example.org,East,SMB,2024-02-19,0,2371.06
CUST_0090,Malik Mccarthy,bryan60@example.org,South,Consumer,2024-06-30,0,756.99
CUST_0091,Sarah Rubio,adamserika@example.net,South,Enterprise,2024-03-14,0,570.29
CUST_0092,Jennifer Raymond,smithkimberly@example.com,West,SMB,2025-07-17,1,2650.52
CUST_0093,Jill Guerra,robert31@example.org,North,Enterprise,2024-06-08,1,3854.01
CUST_0094,Wendy Barajas,martinjoshua@example.org,North,Consumer,2025-10-19,0,3005.14
CUST_0095,Amber Wright,uholden@example.net,North,Consumer,2024-12-25,0,2419.81
CUST_0096,Lisa House,torrestheodore@example.com,South,Consumer,2024-05-31,0,2812.57
CUST_0097,Richard Rowland,veronica90@example.com,South,SMB,2023-06-27,0,2802.86
CUST_0098,Dr. Benjamin Gutierrez,whiteerica@example.net,West,Consumer,2025-09-16,0,3831.76
CUST_0099,Erin Mcdonald,morriswendy@example.org,North,Consumer,2024-06-16,0,686.79
CUST_0100,Amy Martinez,billyrodriguez@example.com,West,SMB,2026-02-24,0,4073.06
CUST_0101,Lauren Mcknight,thomashammond@example.net,West,SMB,2023-07-24,1,3952.12
CUST_0102,Sandra Stephens,kenneth17@example.com,West,SMB,2023-09-28,0,3226.59
CUST_0103,David Hamilton,paul84@example.net,East,Consumer,2025-10-02,0,1305.58
CUST_0104,Lauren Fields,paigetaylor@example.com,North,Consumer,2026-01-11,0,2731.7
CUST_0105,Brett Torres,boothmichael@example.org,North,SMB,2026-01-12,0,2185.64
CUST_0106,Bethany Brown,katelyn99@example.com,East,SMB,2023-11-11,0,290.8
CUST_0107,Richard Austin,rross@example.com,East,Enterprise,2025-01-01,1,622.21
CUST_0108,Jeremy Morton,harristeresa@example.org,North,Enterprise,2023-10-19,0,4701.34
CUST_0109,James Taylor,catherinesilva@example.org,East,SMB,2025-09-03,0,3357.64
CUST_0110,Logan Robinson,qanderson@example.net,West,SMB,2026-03-24,0,4992.18
CUST_0111,Shannon Anderson,alexandrews@example.com,South,Enterprise,2025-02-02,1,3509.94
CUST_0112,Jerry Williams,terrence27@example.org,West,SMB,2026-01-09,0,4096.9
CUST_0113,Alejandro Allen,mistylove@example.com,North,Consumer,2023-12-14,0,4996.48
CUST_0114,Cynthia Hayes,smorrow@example.org,East,Consumer,2023-09-23,1,1475.27
CUST_0115,Vanessa Vaughan,sthompson@example.net,South,Consumer,2026-03-15,1,4263.71
CUST_0116,Cody Robbins,cvasquez@example.com,North,SMB,2025-01-19,0,4908.42
CUST_0117,Barbara Armstrong,gcohen@example.com,East,SMB,2023-09-17,0,4878.13
CUST_0118,Maria Allen,jeffreymendez@example.com,South,Enterprise,2025-08-25,0,1882.55
CUST_0119,Sophia Carney,thomasgregory@example.com,South,SMB,2026-05-18,1,2541.61
CUST_0120,Bernard Jones,qellis@example.org,East,SMB,2025-03-12,1,3719.28
CUST_0121,Jordan Baker,garrettcheryl@example.org,South,Enterprise,2025-02-13,1,2093.67
CUST_0122,Heidi Barnes,laurenschmidt@example.net,North,SMB,2024-10-09,1,228.12
CUST_0123,Robin Wilson,angelarusso@example.org,East,Enterprise,2024-05-16,0,1497.26
CUST_0124,Ashley Lin,qjimenez@example.com,West,SMB,2023-06-17,1,1005.4
CUST_0125,Brandy Leon,betty72@example.com,North,SMB,2023-09-17,1,556.07
CUST_0126,John Molina,jonesmelanie@example.org,North,SMB,2025-07-13,0,773.38
CUST_0127,Michelle Alexander,david04@example.com,East,SMB,2023-11-01,1,2672.28
CUST_0128,Anthony Solomon,tara49@example.org,East,Consumer,2024-05-08,0,3037.78
CUST_0129,Danielle Hodges,mackenziemiller@example.com,South,Consumer,2026-04-10,1,590.6
CUST_0130,Debra Love,zacharycampbell@example.com,North,SMB,2024-09-26,1,655.53
CUST_0131,Steven Scott,gina74@example.org,South,Consumer,2026-02-14,1,4875.73
CUST_0132,Jason Jacobs,stevenburns@example.org,North,Enterprise,2025-08-08,1,3863.19
CUST_0133,Caroline Eaton,hopkinsrobert@example.com,North,Consumer,2025-02-01,1,1659.73
CUST_0134,Robert Moore,victoria18@example.org,West,Enterprise,2024-11-28,1,706.26
CUST_0135,Christina Gillespie,daniel22@example.net,North,Enterprise,2024-01-13,0,2924.42
CUST_0136,Jack Lopez,hbarnes@example.com,South,Enterprise,2026-04-19,1,2952.92
CUST_0137,Jessica Ortiz,adam04@example.com,South,Consumer,2024-12-23,0,486.31
CUST_0138,Heather Bell,robyn71@example.net,West,SMB,2024-05-23,0,340.49
CUST_0139,Karen Gibson,wellsryan@example.net,South,SMB,2024-10-24,0,1626.29
CUST_0140,Jean Hayes,travisaustin@example.org,East,Consumer,2026-05-19,0,3827.11
CUST_0141,Adam Jones,chavezantonio@example.com,West,Enterprise,2026-03-28,0,3798.72
CUST_0142,Sydney Wolfe,hillsarah@example.com,South,Consumer,2023-10-10,0,4573.57
CUST_0143,Andrea Robinson,isimmons@example.com,South,SMB,2024-08-07,0,490.35
CUST_0144,Jenna Graves,cbolton@example.net,East,Consumer,2025-05-17,1,3592.79
CUST_0145,Tom Jackson,nelsonhailey@example.com,West,Consumer,2024-07-23,0,4682.53
CUST_0146,Daniel Johnson,jill79@example.net,East,SMB,2024-09-06,0,4364.47
CUST_0147,Billy Baker,crawfordzachary@example.com,West,SMB,2025-09-08,1,2775.72
CUST_0148,Anthony Harris,natkinson@example.com,West,Enterprise,2026-03-17,0,4540.97
CUST_0149,Tiffany Guerrero,laura76@example.org,North,Enterprise,2024-04-12,0,3323.71
CUST_0150,Charles Hunt Jr.,donhansen@example.org,South,SMB,2025-07-13,1,592.14
CUST_0151,Lawrence Mercer,mendezchelsea@example.org,South,Enterprise,2023-08-25,0,2077.88
CUST_0152,Joseph Gutierrez,erik19@example.net,North,SMB,2024-09-25,0,4660.86
CUST_0153,Barbara Scott,walter96@example.org,East,Consumer,2023-09-04,0,1628.27
CUST_0154,Thomas Robinson,tylerguerra@example.org,North,Enterprise,2025-03-10,0,4402.02
CUST_0155,Harry Scott,aaronhammond@example.org,South,SMB,2024-01-15,1,555.54
CUST_0156,Nicole Johnson,joneslorraine@example.org,South,Consumer,2024-09-21,0,1733.01
CUST_0157,Cory Vasquez,tylermills@example.com,North,Consumer,2026-01-05,0,3731.36
CUST_0158,Laura Meyers,mwong@example.net,North,SMB,2023-09-25,0,770.77
CUST_0159,Michael Zimmerman,lindsey98@example.net,North,SMB,2025-03-16,0,562.14
CUST_0160,Emma Clark,michael22@example.org,South,Consumer,2025-10-04,0,4729.01
CUST_0161,Allen Freeman,davidsmith@example.org,North,Consumer,2024-03-30,0,119.65
CUST_0162,Kenneth Reed,patty15@example.org,North,SMB,2024-12-15,1,4467.87
CUST_0163,Joshua Salas,brenda31@example.org,East,SMB,2023-07-25,1,308.37
CUST_0164,Amber Johnson,bowensamantha@example.org,North,Consumer,2025-11-13,1,4066.55
CUST_0165,Cheryl Miller,scotthall@example.net,South,Consumer,2026-02-10,0,2089.34
CUST_0166,John Knight,brittany00@example.org,East,SMB,2025-08-13,0,623.77
CUST_0167,Cindy Barton,jenniferfreeman@example.net,West,SMB,2023-12-22,1,878.15
CUST_0168,William Higgins,bradley13@example.com,South,Consumer,2024-08-24,0,4704.32
CUST_0169,Anthony Hansen,williamwatkins@example.com,South,SMB,2025-02-07,0,4485.62
CUST_0170,Alexander Martin,ewillis@example.net,West,SMB,2026-03-08,1,1313.12
CUST_0171,Brian Morse,kingangela@example.org,South,SMB,2023-09-14,0,1736.91
CUST_0172,Ashley Yates,brooksrebecca@example.net,West,SMB,2023-06-22,0,1007.13
CUST_0173,Rachel Huff,qwebb@example.net,West,Enterprise,2025-05-23,0,4599.0
CUST_0174,Carla Logan,matthew35@example.org,South,Enterprise,2024-05-21,0,3533.42
CUST_0175,Sheila Stark,fsmith@example.net,North,Consumer,2023-09-27,0,608.98
CUST_0176,Samuel Simmons,kenneth58@example.org,North,Enterprise,2023-10-06,1,4080.02
CUST_0177,Jessica Simmons,jonessharon@example.net,West,SMB,2025-01-16,0,2404.55
CUST_0178,Perry Lewis,rknight@example.net,East,Enterprise,2024-10-27,1,3670.87
CUST_0179,Matthew Anderson,tzimmerman@example.net,West,Consumer,2024-10-29,0,720.64
CUST_0180,Samuel Wright,ulang@example.com,West,Consumer,2023-07-25,0,3715.52
CUST_0181,Teresa Garner,dustinalexander@example.net,West,Consumer,2026-04-20,0,4128.66
CUST_0182,Yvonne White,johnsonjohnny@example.com,North,Enterprise,2023-08-06,0,3444.0
CUST_0183,Christine Johnson,nrivers@example.org,North,Enterprise,2023-08-12,0,1269.07
CUST_0184,Becky Goodwin,hensleybrian@example.net,North,Enterprise,2023-11-04,0,2098.76
CUST_0185,Cassandra Grant,collinskatherine@example.org,West,Consumer,2024-04-23,0,3438.91
CUST_0186,Franklin Ryan PhD,ginaball@example.org,East,SMB,2025-09-09,0,4387.86
CUST_0187,Leslie Edwards,brianparker@example.com,North,SMB,2025-07-11,0,2925.78
CUST_0188,Brittany Stuart,sturner@example.net,South,Consumer,2023-11-22,0,3676.27
CUST_0189,David Singh,adrienne70@example.net,South,Consumer,2026-01-26,0,4225.02
CUST_0190,John Miller,kevin94@example.net,South,Consumer,2024-12-30,0,2514.0
CUST_0191,Charles Cordova,amandasmith@example.com,West,Consumer,2025-03-23,0,1265.77
CUST_0192,Jose Thomas,samanthawagner@example.net,South,SMB,2024-04-07,0,2205.64
CUST_0193,Michelle Watson,kelseyrobinson@example.com,West,Enterprise,2025-10-06,0,3104.96
CUST_0194,Mario Mahoney,howardbarbara@example.com,South,Enterprise,2026-01-30,0,2003.36
CUST_0195,Brandon James,moorekatelyn@example.com,East,SMB,2025-10-29,0,4142.62
CUST_0196,Matthew Mitchell,susan00@example.net,West,Enterprise,2023-07-02,0,1534.26
CUST_0197,Stephanie Mason,evanssandra@example.net,South,SMB,2023-11-03,1,767.43
CUST_0198,Mrs. Kimberly Vargas DDS,wdavis@example.org,North,Enterprise,2024-02-28,0,4871.24
CUST_0199,Laura Griffin,franklin35@example.net,West,SMB,2025-08-11,0,2116.56
CUST_0200,Shari Herrera,westandrew@example.net,North,Enterprise,2025-01-26,0,2933.83
CUST_0201,Shannon Pierce,kristenjackson@example.org,North,Consumer,2024-01-18,0,1419.87
CUST_0202,Toni Gomez,annagriffin@example.net,North,Consumer,2025-08-08,0,3120.29
CUST_0203,Gregory Thomas,brendabowman@example.net,North,Enterprise,2025-05-28,0,4458.88
CUST_0204,Timothy Dunn,sarah47@example.org,South,SMB,2025-11-06,1,3563.83
CUST_0205,Samantha Tucker,ashleybrooks@example.org,South,Enterprise,2025-06-20,0,1349.5
CUST_0206,Tina Kim,kathymartin@example.org,West,Enterprise,2026-05-10,0,3065.75
CUST_0207,Mr. Omar Fox,pwolfe@example.com,West,Consumer,2026-02-07,0,107.12
CUST_0208,Calvin Jarvis,brianwilkerson@example.org,West,SMB,2025-05-03,1,661.59
CUST_0209,Samantha Newman,cindy77@example.net,South,Consumer,2024-08-11,0,2994.61
CUST_0210,Rachel Crawford,williamtaylor@example.net,West,Enterprise,2026-05-07,1,3759.25
CUST_0211,Mary Pope,courtney64@example.com,North,Consumer,2025-06-24,0,3487.37
CUST_0212,Zachary Barrett,hvaldez@example.org,South,SMB,2023-10-22,0,2925.42
CUST_0213,Bobby Garcia,crosspaul@example.org,West,Enterprise,2025-05-03,0,4090.79
CUST_0214,Chelsea Williams,jperez@example.net,North,Enterprise,2025-05-06,0,2943.0
CUST_0215,Robert Mills,martinjeffrey@example.net,West,Consumer,2024-02-09,0,4839.15
CUST_0216,Kathryn Ramsey,colejulie@example.org,East,SMB,2025-09-17,1,1319.02
CUST_0217,Victoria Sims,huntteresa@example.org,West,SMB,2023-10-27,0,3584.23
CUST_0218,Miss Sarah Chavez MD,tmolina@example.net,East,SMB,2023-10-09,0,1231.19
CUST_0219,Christopher Morgan,richardhill@example.org,West,SMB,2024-11-19,1,1324.98
CUST_0220,William Jones,josephleonard@example.org,West,SMB,2023-09-27,0,328.16
CUST_0221,Natasha Lewis,barrerajoshua@example.org,South,Enterprise,2024-09-14,0,453.78
CUST_0222,Jennifer Perkins,knorman@example.org,South,Enterprise,2024-10-28,0,2034.12
CUST_0223,Jonathan Schmidt,mpineda@example.net,East,SMB,2024-06-04,1,4829.58
CUST_0224,Tanner Dunn,youngkatelyn@example.org,South,SMB,2025-12-10,1,1455.09
CUST_0225,Lori Zavala,michaelmartin@example.org,North,Enterprise,2024-04-08,0,651.81
CUST_0226,Jacqueline Larsen,odiaz@example.com,North,Enterprise,2024-10-09,0,113.81
CUST_0227,Cynthia Bender,valdeztimothy@example.net,East,SMB,2026-02-08,0,1130.0
CUST_0228,Michael Crawford,castillotaylor@example.org,North,SMB,2023-12-30,0,642.79
CUST_0229,Cynthia Lowery,stephanie44@example.org,North,Enterprise,2023-07-06,0,3511.5
CUST_0230,Larry Hill,davenportdiane@example.com,West,Consumer,2026-05-19,0,2125.44
CUST_0231,Mrs. Tanya Kim PhD,victoriasmith@example.net,South,Consumer,2025-05-28,0,1772.65
CUST_0232,Robin Bernard,harrisdaniel@example.com,North,Consumer,2024-05-19,0,2290.67
CUST_0233,Bruce Phillips,dustinmorris@example.net,North,Enterprise,2023-11-04,0,820.24
CUST_0234,Amanda Gay,zjackson@example.net,South,Enterprise,2023-10-18,1,3275.02
CUST_0235,Ann Underwood,aolsen@example.com,North,Enterprise,2025-08-08,1,703.9
CUST_0236,Brandon Hunter,karina92@example.net,North,Consumer,2024-09-12,1,1906.91
CUST_0237,Shirley Coleman,johnsondana@example.org,South,SMB,2023-10-25,0,4888.53
CUST_0238,Christine Pitts,mstanton@example.com,West,Enterprise,2024-02-26,1,1955.75
CUST_0239,Susan Cantrell,rroberts@example.org,North,Enterprise,2024-05-07,1,2642.44
CUST_0240,Olivia Moses,francisdonna@example.net,South,Enterprise,2024-10-16,0,1447.82
CUST_0241,David Walters,hancocklauren@example.org,North,Consumer,2025-03-24,0,3349.29
CUST_0242,Paul Pope,richard52@example.com,North,SMB,2024-11-27,0,4303.01
CUST_0243,Jennifer Estes,veronicanguyen@example.com,West,Consumer,2026-05-14,0,814.99
CUST_0244,Eric Morgan,szimmerman@example.net,East,Consumer,2025-01-08,0,2007.13
CUST_0245,Jessica Hawkins,kanegary@example.net,East,Consumer,2023-06-17,0,1021.2
CUST_0246,Megan Young,wrodgers@example.org,South,Enterprise,2026-03-10,0,3362.7
CUST_0247,Troy Tate,orrmarilyn@example.net,East,Consumer,2025-12-30,1,4739.15
CUST_0248,Amy Hernandez,jnorton@example.com,South,SMB,2025-12-19,0,1289.57
CUST_0249,Laura Thompson,heather50@example.net,East,SMB,2025-12-18,0,2495.68
CUST_0250,Brenda Mora,anareese@example.com,West,SMB,2024-09-24,1,1442.1
CUST_0251,Terry Williams,garciadonna@example.org,South,SMB,2025-07-04,0,339.77
CUST_0252,Carol Gardner,shafferelizabeth@example.net,East,Consumer,2026-05-26,0,114.98
CUST_0253,Joseph Marshall DVM,hectorpowell@example.net,West,SMB,2024-01-15,0,2371.55
CUST_0254,Kristy West,hturner@example.org,East,SMB,2026-02-05,0,400.88
CUST_0255,Anna Mitchell,millerrobert@example.net,North,Consumer,2023-09-21,0,4455.79
CUST_0256,Julia Herrera,elizabethvillarreal@example.com,North,Consumer,2025-05-18,0,392.0
CUST_0257,Andrew Bartlett,scott16@example.org,West,Enterprise,2023-06-11,0,2347.86
CUST_0258,Sharon Harris,jose81@example.com,North,Consumer,2023-06-20,1,1516.46
CUST_0259,Robyn Clark,gomezallison@example.org,North,Consumer,2024-09-29,0,2125.68
CUST_0260,Nicholas Lee,james44@example.net,South,Enterprise,2023-08-08,1,4418.4
CUST_0261,Lance Gutierrez,taraknight@example.com,East,Enterprise,2024-05-30,1,789.42
CUST_0262,Emily Mccoy,dillon25@example.com,South,Consumer,2025-10-24,0,1468.71
CUST_0263,Sean Soto,allendonna@example.com,East,Enterprise,2024-07-29,1,2188.15
CUST_0264,Thomas Evans,thill@example.net,North,SMB,2024-02-24,0,167.46
CUST_0265,Maria Bowers,alanwhite@example.org,South,Consumer,2026-04-18,0,3949.91
CUST_0266,Cathy Carlson,zmoore@example.net,East,Enterprise,2025-02-17,0,2695.0
CUST_0267,Erin Rodriguez,amyrichardson@example.net,East,Enterprise,2025-05-06,0,2973.77
CUST_0268,John Russell,laura30@example.net,South,Enterprise,2025-05-16,1,1804.43
CUST_0269,Natalie Mayo,robin94@example.net,West,Enterprise,2026-03-22,0,3256.83
CUST_0270,Charles Francis,jedwards@example.net,East,Consumer,2025-07-23,0,2301.78
CUST_0271,Ryan Weber,vreynolds@example.com,North,Enterprise,2023-07-02,1,3473.31
CUST_0272,John Farmer,michelle01@example.com,East,Enterprise,2024-08-17,1,1450.52
CUST_0273,William Carpenter,hinesdanielle@example.com,North,Enterprise,2026-03-19,1,2436.49
CUST_0274,Samuel Norris,georgekane@example.net,South,SMB,2024-01-21,0,2013.92
CUST_0275,Barbara Wood,mmoore@example.org,East,SMB,2024-10-20,0,886.25
CUST_0276,Joshua Pacheco,qgross@example.org,North,Consumer,2024-10-28,1,1180.77
CUST_0277,Sandra Chambers,julia80@example.org,North,Consumer,2024-10-28,0,4533.55
CUST_0278,Dr. Charles Bean,qrice@example.org,South,SMB,2023-06-20,1,184.01
CUST_0279,Jennifer Dunn,andrethompson@example.org,East,SMB,2025-05-09,0,1248.66
CUST_0280,Troy Robinson,kimberlywilliams@example.com,East,Enterprise,2026-01-18,0,2480.92
CUST_0281,Amber Brown,benjamingeorge@example.com,South,Enterprise,2026-01-11,0,1172.48
CUST_0282,Brittany Leach,james81@example.org,East,SMB,2023-10-14,0,4747.73
CUST_0283,Micheal Martin,ronnie34@example.net,South,Consumer,2025-01-25,1,2597.52
CUST_0284,Brian Edwards,judycunningham@example.org,East,SMB,2025-11-19,0,4676.48
CUST_0285,Mark Duke,abigail54@example.net,West,Consumer,2025-11-07,1,638.14
CUST_0286,Emily Jones,jillgarcia@example.com,East,SMB,2025-09-13,0,3634.09
CUST_0287,Holly Martinez,robertmccarthy@example.org,North,Enterprise,2023-10-07,0,2657.94
CUST_0288,John Hodges,calhounjenna@example.org,North,Consumer,2024-08-30,0,3480.55
CUST_0289,Frank Woods,ipugh@example.com,West,Enterprise,2025-01-13,1,1431.88
CUST_0290,Wanda Moore,nancy75@example.com,East,SMB,2024-05-26,0,3325.64
CUST_0291,Jeremy Esparza,clarkdaniel@example.net,North,Consumer,2024-06-28,0,4017.36
CUST_0292,Darryl Bartlett,baileykristin@example.com,North,Consumer,2024-02-08,1,3757.37
CUST_0293,Richard Smith,mendozajason@example.net,East,Consumer,2026-05-18,1,199.47
CUST_0294,Thomas Palmer,nathaniel06@example.org,South,Enterprise,2025-10-06,0,2879.06
CUST_0295,Tanner Malone,uherman@example.org,East,SMB,2024-11-04,0,4435.56
CUST_0296,Amanda Hatfield,rodriguezamber@example.net,South,Enterprise,2024-07-19,0,1282.01
CUST_0297,Mr. Robert Arroyo,brittany71@example.org,West,Consumer,2023-11-10,0,1485.79
CUST_0298,Dr. Brianna Cervantes,catherine69@example.org,West,Enterprise,2024-07-14,1,4067.58
CUST_0299,Matthew Lee,alicia80@example.org,North,Consumer,2024-09-29,0,3812.91
CUST_0300,Carla Nelson,lisadunn@example.net,North,Enterprise,2024-06-27,0,3375.39
CUST_0301,Alyssa Nash,brian03@example.net,North,SMB,2024-08-05,0,2824.2
CUST_0302,Henry Coleman,johnsonmary@example.org,South,Enterprise,2025-08-24,0,3106.61
CUST_0303,Julie Watson,kevin65@example.org,North,Enterprise,2023-11-05,0,4015.07
CUST_0304,Edwin Lewis,klarsen@example.org,East,Enterprise,2025-05-06,1,2696.6
CUST_0305,Anne Collins,gonzalezkristopher@example.org,South,Enterprise,2025-04-17,0,996.44
CUST_0306,Whitney Curtis,stewartpeter@example.net,West,SMB,2025-09-03,0,2535.48
CUST_0307,Andres Hughes,andreablake@example.net,South,Consumer,2025-10-02,0,2688.81
CUST_0308,Mr. Dylan Marshall,grant16@example.com,North,Consumer,2024-08-17,0,830.57
CUST_0309,Derek Bauer,jamesortiz@example.com,East,Consumer,2023-08-30,1,195.89
CUST_0310,James Gray,arnoldsarah@example.net,East,SMB,2024-02-27,0,3865.62
CUST_0311,Mary Stephens,ggregory@example.org,North,SMB,2024-08-21,0,3871.46
CUST_0312,Isaac Ruiz,sosborne@example.net,East,Enterprise,2025-11-21,0,2156.66
CUST_0313,Brittany Miller,trujillorobert@example.com,South,SMB,2023-11-01,0,1772.35
CUST_0314,Cheryl Diaz,spencer92@example.net,South,Consumer,2023-06-15,0,2456.99
CUST_0315,Jessica Turner,sperez@example.net,North,SMB,2024-10-13,0,1018.12
CUST_0316,Hannah Davis,jeremygilbert@example.net,East,Consumer,2025-09-18,1,3689.83
CUST_0317,Angela Rogers,janet88@example.org,West,SMB,2023-12-07,0,3632.32
CUST_0318,Ashley Taylor,zrivera@example.net,South,SMB,2025-11-26,0,2181.76
CUST_0319,Stephanie Francis,michelle21@example.com,South,Consumer,2024-01-25,0,3510.53
CUST_0320,Amanda Stevenson DVM,farmerjames@example.net,South,Consumer,2025-01-30,1,1432.51
CUST_0321,Christina Fox,uhowell@example.net,South,SMB,2024-09-17,0,1077.39
CUST_0322,Charles Dudley,ogreer@example.net,West,SMB,2025-01-17,1,2069.57
CUST_0323,Hunter Skinner,owheeler@example.net,North,Enterprise,2024-07-25,0,4225.36
CUST_0324,Denise Hammond,bakerallen@example.net,South,Consumer,2025-04-09,1,3047.7
CUST_0325,Susan Brown,bthomas@example.com,East,Enterprise,2023-07-22,0,2863.71
CUST_0326,Devin Stephens,johnsonangela@example.com,West,SMB,2025-04-30,0,570.84
CUST_0327,Joshua Collins,martinezamy@example.net,South,Consumer,2023-07-23,0,2412.09
CUST_0328,Joyce Thompson,njimenez@example.net,East,SMB,2025-03-21,0,1061.72
CUST_0329,Natalie Martinez,hinesanna@example.org,South,Consumer,2024-04-21,1,1299.93
CUST_0330,Erica Velazquez,johnsonkeith@example.net,North,SMB,2025-08-02,1,324.44
CUST_0331,Heather Jones,christinemiller@example.com,West,Enterprise,2024-02-04,1,1747.13
CUST_0332,Chad Matthews,reynoldsmolly@example.com,North,Enterprise,2023-11-10,1,2409.78
CUST_0333,Christopher Castillo,pstevenson@example.com,West,Enterprise,2025-01-31,1,1281.72
CUST_0334,Heather Davis,nswanson@example.net,South,Consumer,2024-12-22,1,1733.8
CUST_0335,Samantha Scott,natasha78@example.com,South,Consumer,2025-07-30,0,1215.13
CUST_0336,Steven Williams,davidking@example.net,West,Consumer,2025-09-26,1,4791.76
CUST_0337,Jessica Lee,patrickstafford@example.org,East,Enterprise,2024-06-29,0,180.51
CUST_0338,Jerry Nunez,jason55@example.org,East,Consumer,2024-05-22,0,473.71
CUST_0339,Lisa Lowery,coxtravis@example.org,South,SMB,2026-03-28,1,2869.28
CUST_0340,Brandy Mckenzie,along@example.org,South,Consumer,2025-02-19,0,771.28
CUST_0341,Carly Taylor,shawsteven@example.com,North,Enterprise,2025-09-20,0,2112.6
CUST_0342,Patrick Hughes MD,robertslydia@example.com,South,Enterprise,2025-08-23,0,315.0
CUST_0343,Leslie Dennis,brandonkramer@example.net,West,SMB,2023-09-04,0,2388.71
CUST_0344,Elizabeth Hawkins,norman91@example.org,East,Consumer,2025-01-26,0,2721.41
CUST_0345,Sue Roberts,carlsondanny@example.org,East,Consumer,2023-11-10,0,3719.22
CUST_0346,Natalie Marshall,vazquezkristen@example.com,North,SMB,2023-10-11,0,602.81
CUST_0347,Kristin Murphy,laurabush@example.org,East,SMB,2023-09-07,0,4949.9
CUST_0348,Paul Woods,brandi46@example.com,East,Enterprise,2024-12-29,0,2787.98
CUST_0349,Jonathan Liu,allisoncampbell@example.org,West,Consumer,2026-04-18,0,3620.31
CUST_0350,Sharon Hall,joannesilva@example.net,East,SMB,2024-05-02,0,1181.59
CUST_0351,William Perez,rfields@example.org,North,Consumer,2025-02-09,0,1151.22
CUST_0352,David Turner,emily99@example.net,North,SMB,2025-12-10,0,1917.3
CUST_0353,Ashley Reed,johnbradley@example.org,East,Enterprise,2024-04-03,0,279.42
CUST_0354,Ebony Marks DVM,fisherchristopher@example.com,South,SMB,2023-10-18,1,157.32
CUST_0355,Michelle Dixon,jennifervaughan@example.com,East,SMB,2024-01-14,0,2978.75
CUST_0356,Joshua Coleman,michelle17@example.net,North,SMB,2024-04-27,1,689.36
CUST_0357,Shelley Dougherty,ejackson@example.com,North,SMB,2025-09-06,0,1474.01
CUST_0358,Yolanda Gordon,karen49@example.com,West,SMB,2026-01-07,0,2984.27
CUST_0359,Eric Maxwell,oramirez@example.net,East,Consumer,2024-09-15,0,2304.2
CUST_0360,Margaret Jackson,jimmy57@example.org,East,Enterprise,2025-02-27,0,1124.51
CUST_0361,Ashley Hawkins,petersbrent@example.com,West,Enterprise,2025-08-28,1,1769.99
CUST_0362,Sean Castro,stonedennis@example.org,North,SMB,2024-02-11,1,1259.88
CUST_0363,Dennis Griffith,ulopez@example.com,West,SMB,2024-03-29,0,682.02
CUST_0364,Cathy Hodge,brandi80@example.org,South,Consumer,2023-06-12,1,4046.54
CUST_0365,Michael Park,farleyashley@example.net,East,SMB,2025-07-16,0,3976.39
CUST_0366,Erica Hill,jaimemoran@example.com,North,SMB,2026-04-23,1,2730.77
CUST_0367,Mark Simon,jonathan88@example.net,West,Consumer,2024-09-20,1,3182.62
CUST_0368,Mary Griffin,abrooks@example.net,North,SMB,2023-10-20,0,3828.46
CUST_0369,Leroy Berry,martin89@example.net,South,Consumer,2024-03-19,0,316.44
CUST_0370,Patricia Jones,tmacias@example.net,East,Enterprise,2023-12-10,0,3476.08
CUST_0371,Katherine Robertson,bartonpatricia@example.net,West,SMB,2023-12-12,0,2751.27
CUST_0372,Valerie Smith,jwebb@example.org,North,Enterprise,2026-03-22,0,3320.76
CUST_0373,Tiffany Bennett,steven89@example.com,East,SMB,2025-09-10,0,3509.76
CUST_0374,Cindy Velasquez,kelsey68@example.net,East,SMB,2024-03-05,0,131.15
CUST_0375,Kimberly Oneal,lisa35@example.net,North,SMB,2025-06-13,0,4226.03
CUST_0376,Cynthia Gordon,scottandrea@example.net,East,Enterprise,2026-05-14,0,4103.62
CUST_0377,Jennifer Carpenter,michaelsmith@example.org,East,SMB,2024-03-12,0,1160.16
CUST_0378,Kimberly Heath,tina14@example.net,West,Consumer,2025-01-19,0,2117.86
CUST_0379,Bryan Evans,mmiller@example.org,East,Enterprise,2024-10-31,0,1720.65
CUST_0380,Crystal Nelson,ccollins@example.com,West,Consumer,2025-12-02,1,534.68
CUST_0381,April Wall,haley55@example.com,East,Consumer,2025-11-29,1,2956.11
CUST_0382,Dr. Richard Reyes,hwilliams@example.org,South,SMB,2024-10-24,0,4631.57
CUST_0383,Courtney Brown,laurie73@example.org,South,SMB,2025-05-02,0,1460.58
CUST_0384,Tyler Sutton,skennedy@example.com,West,Enterprise,2025-06-06,0,2192.82
CUST_0385,Angel Jones,npennington@example.com,West,Enterprise,2025-08-06,1,1809.9
CUST_0386,Michael Chan,erikcaldwell@example.org,South,Consumer,2025-05-21,0,1848.81
CUST_0387,Angel Smith,cabreradaniel@example.net,East,SMB,2024-09-01,0,2316.54
CUST_0388,Kimberly Calhoun,lopezmichelle@example.com,West,Consumer,2025-04-21,0,3510.1
CUST_0389,Alexander Byrd,taylor76@example.org,North,SMB,2026-04-16,0,231.81
CUST_0390,Jacob Lawson,heatherfitzpatrick@example.com,East,Consumer,2023-09-13,1,577.8
CUST_0391,Tracy Alvarez,derekburns@example.com,East,SMB,2025-08-24,0,3173.31
CUST_0392,Robert Kennedy PhD,melissa34@example.com,South,Enterprise,2024-08-29,1,204.67
CUST_0393,Elizabeth Harrell,qgolden@example.com,West,Enterprise,2026-04-04,0,1448.76
CUST_0394,Jeffrey Bryan,tgarner@example.com,East,SMB,2025-10-09,1,943.13
CUST_0395,Scott Farrell,stevenbarnes@example.org,West,Consumer,2023-10-07,0,869.08
CUST_0396,Richard Lewis,hallsheila@example.net,West,Enterprise,2025-06-19,0,3713.63
CUST_0397,Joshua Carson,yorkcourtney@example.org,West,SMB,2024-02-01,0,3688.96
CUST_0398,Loretta Hernandez,younglawrence@example.net,South,SMB,2024-01-19,0,1059.69
CUST_0399,John French,williamsmichael@example.com,West,Consumer,2025-07-21,0,1124.45
CUST_0400,Jeffrey Kim,davisbrent@example.net,South,SMB,2024-01-23,1,749.88
CUST_0401,David Hughes,bauerpatrick@example.org,North,Enterprise,2025-03-31,0,2358.19
CUST_0402,Matthew Ruiz,velazquezchristopher@example.com,East,Enterprise,2025-12-24,0,3342.14
CUST_0403,Jeffery Mcdowell,ashleyhughes@example.org,East,Consumer,2025-02-18,0,1205.56
CUST_0404,Dakota Sheppard,travis20@example.net,North,Consumer,2024-08-17,0,759.12
CUST_0405,John Rubio,stephanieshannon@example.org,South,Enterprise,2024-12-27,1,677.59
CUST_0406,Gerald Dean,deanna92@example.org,East,Consumer,2024-11-03,1,4569.98
CUST_0407,Renee Adams,murphyaaron@example.net,South,Enterprise,2024-10-07,1,1100.4
CUST_0408,Brenda Poole,connerdarren@example.org,South,SMB,2024-09-09,1,3172.94
CUST_0409,Jesse Smith,creyes@example.com,South,Consumer,2024-12-18,1,4412.82
CUST_0410,Austin King,dcampbell@example.org,North,Enterprise,2024-09-03,0,1568.01
CUST_0411,William Burton,tammy99@example.com,North,Consumer,2026-01-09,1,3465.12
CUST_0412,Allen Graham,haynesamy@example.org,South,SMB,2025-10-16,0,854.25
CUST_0413,Lori Gay,mary63@example.net,West,Enterprise,2024-12-29,1,410.01
CUST_0414,Jonathan Reeves,davenportmarcus@example.org,North,Enterprise,2023-06-03,1,4515.67
CUST_0415,Jason George,clarkmindy@example.com,West,Enterprise,2024-07-31,1,2421.28
CUST_0416,David Henderson,susan58@example.org,West,SMB,2025-07-06,1,137.35
CUST_0417,Tamara Garcia,vincentbowman@example.net,South,Enterprise,2024-01-19,0,1935.22
CUST_0418,Douglas Ramos,sabrina10@example.net,West,Consumer,2026-02-15,0,2711.85
CUST_0419,David Owens,elong@example.net,West,Enterprise,2023-07-15,1,3453.75
CUST_0420,Shawn Vasquez,colleen39@example.org,West,SMB,2025-10-16,0,4475.21
CUST_0421,Lacey Williams,parkerbenjamin@example.com,South,Consumer,2024-06-02,0,631.77
CUST_0422,Amy Hoffman,ugoodwin@example.org,South,SMB,2023-10-02,1,3845.65
CUST_0423,Dominique Johnson,pcolon@example.org,North,Consumer,2024-10-24,1,1137.75
CUST_0424,Gregory Scott,jbender@example.com,North,Consumer,2023-12-15,1,853.32
CUST_0425,Kyle Mckinney,robertsdarrell@example.org,West,SMB,2023-07-28,0,631.35
CUST_0426,Jeremy Brock,megananderson@example.com,South,SMB,2026-04-26,1,1223.36
CUST_0427,Amy Harris,brian30@example.org,South,SMB,2024-06-07,0,4081.74
CUST_0428,Kristen Livingston,dthompson@example.org,West,SMB,2026-04-10,0,1404.09
CUST_0429,Jeremy Kent,tabitha16@example.com,North,Enterprise,2024-06-02,0,2649.28
CUST_0430,Jordan Mcknight,xjackson@example.com,South,SMB,2024-12-11,0,2819.49
CUST_0431,Peggy Yang,joe65@example.net,North,Consumer,2024-02-29,0,3417.99
CUST_0432,April Carey,kaylalewis@example.com,West,Enterprise,2024-05-28,0,4754.84
CUST_0433,Michelle Callahan,ingramadam@example.com,South,SMB,2023-10-06,1,4667.06
CUST_0434,Mark Harper,lcook@example.com,West,Enterprise,2025-08-09,1,4504.98
CUST_0435,Shannon Holmes,robin83@example.net,East,Consumer,2024-05-15,0,4593.98
CUST_0436,Christina Andrade,robert61@example.org,West,Consumer,2026-02-17,0,4923.6
CUST_0437,Victor Walker,qparker@example.org,West,Consumer,2024-08-16,0,4443.3
CUST_0438,Daniel Moody,hramirez@example.com,West,Enterprise,2025-01-25,0,871.25
CUST_0439,Gabriela Castaneda,allison42@example.com,South,Enterprise,2025-02-08,1,4986.37
CUST_0440,Emily Mcgrath,jessica10@example.com,West,SMB,2026-05-18,1,2710.95
CUST_0441,Austin Morton,roy83@example.net,West,SMB,2024-03-23,0,2879.74
CUST_0442,Dr. Dawn Allen,julie96@example.net,East,SMB,2024-06-24,0,4772.73
CUST_0443,Anna Rios,bjordan@example.org,South,Consumer,2025-06-15,1,2181.94
CUST_0444,Lori Page,lewisashley@example.com,East,SMB,2023-10-14,0,3093.65
CUST_0445,Jeffrey Cox,nicole20@example.net,West,Enterprise,2025-07-12,0,3994.11
CUST_0446,Cassandra Rodriguez MD,gibbsbeverly@example.org,South,SMB,2026-05-25,0,1467.96
CUST_0447,Sherry Jimenez,alisongilmore@example.org,East,Consumer,2025-09-03,0,1375.12
CUST_0448,Michelle Morris,tkelly@example.org,West,SMB,2025-01-09,1,1149.32
CUST_0449,Alexis James,dustin05@example.com,North,Consumer,2024-12-04,0,3693.73
CUST_0450,Nicole Pierce,romeroeric@example.net,East,Consumer,2023-07-16,0,3881.87
CUST_0451,Dustin Rodriguez,baileyshelby@example.com,South,Consumer,2024-01-19,1,198.14
CUST_0452,Bradley Porter,angelicabryan@example.net,East,SMB,2023-08-16,1,2088.5
CUST_0453,Lindsay Ward,michaeljacobs@example.net,East,Enterprise,2024-10-14,0,1940.08
CUST_0454,Natasha Hayes,olawrence@example.com,East,SMB,2025-04-10,0,2723.69
CUST_0455,Sandra Garza,jonathanperry@example.com,North,Consumer,2025-06-19,0,4643.51
CUST_0456,Richard Orozco,millerpeter@example.net,South,SMB,2023-11-12,0,4386.15
CUST_0457,Sarah Williams,burgessmark@example.org,South,SMB,2025-10-24,1,665.2
CUST_0458,Alexander Owens,thomas19@example.org,South,SMB,2024-05-10,0,3503.14
CUST_0459,Bryan Ellis,nicole67@example.com,West,Consumer,2026-04-17,0,4514.07
CUST_0460,Melanie Wright,vobrien@example.org,South,Consumer,2024-01-16,0,1225.72
CUST_0461,Robert Adams,flucas@example.com,South,SMB,2025-04-22,0,3531.32
CUST_0462,Kara Ford,katie29@example.net,North,SMB,2023-11-30,0,4752.86
CUST_0463,Emily White,ljones@example.org,West,SMB,2026-01-01,0,654.51
CUST_0464,Daniel Johnson,franciscohudson@example.org,West,Enterprise,2026-04-13,0,2448.68
CUST_0465,Jared Watkins,dakota40@example.net,East,Consumer,2025-09-05,0,4555.73
CUST_0466,Valerie Blanchard,wintersjeremiah@example.net,West,Enterprise,2026-03-03,0,2945.25
CUST_0467,Rachel Kelly,richard31@example.org,West,Consumer,2023-06-15,0,3714.3
CUST_0468,Cory Garcia,gilbertmichelle@example.net,North,SMB,2023-09-11,0,762.57
CUST_0469,Terry Leblanc,melindamartinez@example.net,South,Enterprise,2025-01-06,1,2637.98
CUST_0470,Brandi Silva,iankane@example.net,West,SMB,2025-01-30,1,2741.22
CUST_0471,Christopher Young,michaelkenneth@example.org,West,Enterprise,2023-11-13,0,1235.82
CUST_0472,Holly Cross,frankdean@example.net,North,SMB,2023-09-15,0,719.49
CUST_0473,Sarah White,jessehenderson@example.com,West,Consumer,2024-02-22,1,4549.21
CUST_0474,Austin Hall,eric95@example.com,West,SMB,2025-05-19,1,2591.24
CUST_0475,Lisa Cox,danielleross@example.net,North,Consumer,2024-05-09,1,3073.82
CUST_0476,Stephanie Poole,joseph16@example.com,East,SMB,2025-02-13,0,4433.66
CUST_0477,Jeffrey Perez,jessicachavez@example.com,East,SMB,2024-04-30,1,1283.32
CUST_0478,Stephanie Wagner,cfisher@example.net,West,Consumer,2024-06-18,1,2806.16
CUST_0479,Megan Perry,xstanley@example.org,West,Consumer,2026-01-25,0,1761.65
CUST_0480,Emma Cook,milesjerry@example.net,South,Enterprise,2024-12-24,0,2734.08
CUST_0481,Michael Collins,murraydana@example.org,West,SMB,2024-09-11,1,1372.33
CUST_0482,Megan Nguyen,charles41@example.org,South,Enterprise,2023-12-10,0,1727.17
CUST_0483,Suzanne Park,efreeman@example.org,East,Enterprise,2024-09-20,1,767.28
CUST_0484,Sandra Silva,melanie09@example.net,West,Consumer,2024-11-22,1,973.72
CUST_0485,Tracy Mcdonald,justinowen@example.org,West,Consumer,2023-09-08,1,2195.83
CUST_0486,Cindy Taylor,lross@example.org,North,SMB,2026-03-26,0,4266.2
CUST_0487,David Jenkins,andrewsmith@example.org,West,Enterprise,2025-05-04,0,1105.97
CUST_0488,Wendy Griffin,jrobinson@example.com,East,SMB,2025-02-04,0,4034.06
CUST_0489,Ms. Sarah English,garnerwilliam@example.net,West,Enterprise,2025-05-16,0,1180.49
CUST_0490,David Grant,mallory06@example.net,South,Consumer,2025-07-16,1,3217.62
CUST_0491,David Wright,nixonnicholas@example.com,West,SMB,2024-09-23,1,2637.98
CUST_0492,Anthony Nelson,catherine44@example.org,South,Enterprise,2023-08-01,0,3161.72
CUST_0493,Marcus Copeland,rpatel@example.net,North,Consumer,2026-03-14,0,450.03
CUST_0494,Jeffrey Mays,david67@example.org,West,Enterprise,2026-03-22,1,3632.51
CUST_0495,Virginia Schultz,maliksanchez@example.net,North,SMB,2023-10-14,1,2778.96
CUST_0496,Mia Mejia,timothy98@example.com,North,Consumer,2024-06-15,0,3714.93
CUST_0497,Stephanie Edwards,slopez@example.com,West,Enterprise,2024-10-21,0,1677.03
CUST_0498,Courtney Garcia,djackson@example.com,South,Enterprise,2025-07-24,1,906.71
CUST_0499,John Baxter,ptorres@example.org,West,SMB,2025-09-08,0,1453.93
CUST_0500,Phillip Lewis,kprice@example.org,South,SMB,2026-02-12,0,4251.41
